{
  "lang":"en",
  "name":"pipeline",
  "version":"0.0.0",
  "spacy_version":">=3.4.2,<3.5.0",
  "description":"",
  "author":"",
  "email":"",
  "url":"",
  "license":"",
  "spacy_git_version":"3d0e89536",
  "vectors":{
    "width":0,
    "vectors":0,
    "keys":0,
    "name":null,
    "mode":"default"
  },
  "labels":{
    "textcat_multilabel":[
      "Personal_Transfer",
      "Investment_Payout",
      "Other_Incoming_Payments_From_Employer",
      "Cash_Deposit",
      "Interest_Received",
      "Salary",
      "Cheque_Deposits",
      "Returned_Debit",
      "Unknown",
      "Bills",
      "Loans",
      "Betting_Payout",
      "Other_Incoming_payments"
    ]
  },
  "pipeline":[
    "textcat_multilabel"
  ],
  "components":[
    "textcat_multilabel"
  ],
  "disabled":[

  ],
  "performance":{
    "cats_score":0.9125557914,
    "cats_score_desc":"macro AUC",
    "cats_micro_p":0.9023383769,
    "cats_micro_r":0.8234309623,
    "cats_micro_f":0.8610807263,
    "cats_macro_p":0.7428711892,
    "cats_macro_r":0.5390387855,
    "cats_macro_f":0.6134141877,
    "cats_macro_auc":0.9125557914,
    "cats_f_per_type":{
      "Personal_Transfer":{
        "p":0.934434968,
        "r":0.9125455492,
        "f":0.9233605478
      },
      "Investment_Payout":{
        "p":0.3333333333,
        "r":0.1818181818,
        "f":0.2352941176
      },
      "Other_Incoming_Payments_From_Employer":{
        "p":0.6,
        "r":0.3333333333,
        "f":0.4285714286
      },
      "Cash_Deposit":{
        "p":0.84,
        "r":0.75,
        "f":0.7924528302
      },
      "Interest_Received":{
        "p":1.0,
        "r":0.8,
        "f":0.8888888889
      },
      "Salary":{
        "p":0.9411764706,
        "r":0.5925925926,
        "f":0.7272727273
      },
      "Cheque_Deposits":{
        "p":1.0,
        "r":1.0,
        "f":1.0
      },
      "Returned_Debit":{
        "p":0.9333333333,
        "r":0.7466666667,
        "f":0.8296296296
      },
      "Unknown":{
        "p":0.5714285714,
        "r":0.231884058,
        "f":0.3298969072
      },
      "Bills":{
        "p":0.3333333333,
        "r":0.125,
        "f":0.1818181818
      },
      "Loans":{
        "p":0.7368421053,
        "r":0.5384615385,
        "f":0.6222222222
      },
      "Betting_Payout":{
        "p":0.8888888889,
        "r":0.4210526316,
        "f":0.5714285714
      },
      "Other_Incoming_payments":{
        "p":0.5445544554,
        "r":0.3741496599,
        "f":0.4435483871
      }
    },
    "cats_macro_auc_per_type":0.0,
    "textcat_multilabel_loss":0.2540366373
  }
}